"id";"customer_id";"billing_number";"billing_date";"total_volume";"total_amount";"total_deposit";"previous_balance";"current_balance";"amount_to_pay";"period_month";"period_year";"status";"created_at";"updated_at"
"1";"5";"001/MPS/BIL-CUST/04/2025";"2025-04-12";"179249406.96";"1667019484724.90";"0.00";"-440626781359.93";"-2107646266084.90";"2107646266084.90";"4";"2025";"unpaid";"2025-04-12 03:45:08";"2025-04-12 03:45:08"
"2";"14";"001/MPS/BIL-PT M/04/2025";"2025-04-14";"1018.00";"4072009.86";"11111111.00";"-1357352.92";"5681748.22";"0.00";"3";"2025";"unpaid";"2025-04-14 02:20:10";"2025-04-14 02:20:10"
"3";"14";"002/MPS/BIL-PT M/04/2025";"2025-04-14";"0.00";"0.00";"0.00";"5681748.22";"5681748.22";"0.00";"4";"2025";"unpaid";"2025-04-14 07:45:49";"2025-04-14 07:45:49"
"4";"14";"003/MPS/BIL-PT M/04/2025";"2025-04-14";"5774.81";"23099248.42";"22222222.00";"4312154.77";"3435128.35";"0.00";"3";"2025";"unpaid";"2025-04-14 08:03:59";"2025-04-14 08:03:59"
"5";"14";"004/MPS/BIL-PT M/04/2025";"2025-04-14";"5774.81";"23099248.42";"22222222.00";"4312154.77";"3435128.35";"0.00";"3";"2025";"unpaid";"2025-04-14 08:05:53";"2025-04-14 08:05:53"
"key";"value";"expiration"
"key";"owner";"expiration"
"id";"customer_id";"nama_customer";"data_input";"harga_final";"status_pembayaran";"created_at";"updated_at"
"1";"5";"Customer 2";"{""pembacaan_awal"":{""waktu"":""2025-03-01T20:45:27"",""volume"":12205.49},""pembacaan_akhir"":{""waktu"":""2025-03-02T20:46:48"",""volume"":12463.4},""volume_flow_meter"":257.91}";"0.00";"belum_lunas";"2025-03-12 13:46:59";"2025-03-12 13:46:59"
"2";"5";"Customer 2";"{""pembacaan_awal"":{""waktu"":""2025-03-02T21:05:46"",""volume"":12463.4},""pembacaan_akhir"":{""waktu"":""2025-03-03T21:06:31"",""volume"":12764.3},""volume_flow_meter"":300.9}";"0.00";"belum_lunas";"2025-03-12 14:07:10";"2025-03-12 14:07:10"
"3";"5";"Customer 2";"{""pembacaan_awal"":{""waktu"":""2025-03-03T21:08:20"",""volume"":12764.3},""pembacaan_akhir"":{""waktu"":""2025-03-04T21:08:49"",""volume"":12989.78},""volume_flow_meter"":225.48}";"0.00";"belum_lunas";"2025-03-12 14:09:21";"2025-03-12 14:09:21"
"4";"5";"Customer 2";"{""pembacaan_awal"":{""waktu"":""2025-03-04T21:10:56"",""volume"":12989.78},""pembacaan_akhir"":{""waktu"":""2025-03-05T21:11:10"",""volume"":13247.93},""volume_flow_meter"":258.15}";"0.00";"belum_lunas";"2025-03-12 14:11:35";"2025-03-12 14:11:35"
"5";"5";"Customer 2";"{""pembacaan_awal"":{""waktu"":""2025-04-01T21:19:20"",""volume"":20163.63},""pembacaan_akhir"":{""waktu"":""2025-04-02T21:19:28"",""volume"":20449.95},""volume_flow_meter"":286.32}";"0.00";"belum_lunas";"2025-03-12 14:22:43";"2025-03-12 14:22:43"
"6";"5";"Customer 2";"{""pembacaan_awal"":{""waktu"":""2025-04-02T21:23:41"",""volume"":20449.95},""pembacaan_akhir"":{""waktu"":""2025-04-03T21:23:51"",""volume"":20582.09},""volume_flow_meter"":132.14}";"0.00";"belum_lunas";"2025-03-12 14:26:42";"2025-03-12 14:26:42"
"8";"5";"Customer 2";"{""pembacaan_awal"":{""waktu"":""2025-03-13T10:08:29"",""volume"":121212},""pembacaan_akhir"":{""waktu"":""2025-03-14T10:08:33"",""volume"":12132424},""volume_flow_meter"":12011212}";"0.00";"belum_lunas";"2025-03-13 03:08:37";"2025-03-13 03:08:37"
"18";"14";"PT Melodi Snack Indonesia";"{""pembacaan_awal"":{""waktu"":""2025-03-14 00:00"",""volume"":333},""pembacaan_akhir"":{""waktu"":""2025-03-14 23:59"",""volume"":333},""volume_flow_meter"":0}";"0.00";"lunas";"2025-03-20 04:20:45";"2025-03-20 04:20:45"
"19";"14";"PT Melodi Snack Indonesia";"{""pembacaan_awal"":{""waktu"":""2025-03-15 00:00"",""volume"":333},""pembacaan_akhir"":{""waktu"":""2025-03-15 23:59"",""volume"":333},""volume_flow_meter"":0}";"0.00";"lunas";"2025-03-20 04:20:45";"2025-03-20 04:20:45"
"20";"14";"PT Melodi Snack Indonesia";"{""pembacaan_awal"":{""waktu"":""2025-03-16 00:00"",""volume"":333},""pembacaan_akhir"":{""waktu"":""2025-03-16 23:59"",""volume"":333},""volume_flow_meter"":0}";"0.00";"lunas";"2025-03-20 04:20:45";"2025-03-20 04:20:45"
"21";"14";"PT Melodi Snack Indonesia";"{""pembacaan_awal"":{""waktu"":""2025-03-17 00:00"",""volume"":333},""pembacaan_akhir"":{""waktu"":""2025-03-17 23:59"",""volume"":333},""volume_flow_meter"":0}";"0.00";"lunas";"2025-03-20 04:20:45";"2025-03-20 04:20:45"
"23";"5";"Customer 2";"{""pembacaan_awal"":{""waktu"":""2025-03-15 00:00"",""volume"":221111},""pembacaan_akhir"":{""waktu"":""2025-03-15 23:59"",""volume"":221111},""volume_flow_meter"":0}";"0.00";"lunas";"2025-03-20 04:57:47";"2025-03-20 04:57:47"
"24";"5";"Customer 2";"{""pembacaan_awal"":{""waktu"":""2025-03-16 00:00"",""volume"":221111},""pembacaan_akhir"":{""waktu"":""2025-03-16 23:59"",""volume"":221111},""volume_flow_meter"":0}";"0.00";"lunas";"2025-03-20 04:57:47";"2025-03-20 04:57:47"
"25";"5";"Customer 2";"{""pembacaan_awal"":{""waktu"":""2025-03-17 00:00"",""volume"":221111},""pembacaan_akhir"":{""waktu"":""2025-03-17 23:59"",""volume"":221111},""volume_flow_meter"":0}";"0.00";"lunas";"2025-03-20 04:57:47";"2025-03-20 04:57:47"
"26";"5";"Customer 2";"{""pembacaan_awal"":{""waktu"":""2025-03-18 00:00"",""volume"":221111},""pembacaan_akhir"":{""waktu"":""2025-03-18 23:59"",""volume"":221111},""volume_flow_meter"":0}";"0.00";"lunas";"2025-03-20 04:57:47";"2025-03-20 04:57:47"
"29";"4";"Customer 1";"{""pembacaan_awal"":{""waktu"":""2025-03-14T00:00"",""volume"":123124},""pembacaan_akhir"":{""waktu"":""2025-03-15T23:59"",""volume"":123344},""volume_flow_meter"":220}";"0.00";"belum_lunas";"2025-03-20 04:59:57";"2025-03-20 04:59:57"
"31";"14";"PT Melodi Snack Indonesia";"{""pembacaan_awal"":{""waktu"":""2025-03-18 00:00"",""volume"":333},""pembacaan_akhir"":{""waktu"":""2025-03-18 23:59"",""volume"":333},""volume_flow_meter"":0}";"0.00";"lunas";"2025-03-20 05:10:03";"2025-03-20 05:10:03"
"32";"14";"PT Melodi Snack Indonesia";"{""pembacaan_awal"":{""waktu"":""2025-03-19 00:00"",""volume"":333},""pembacaan_akhir"":{""waktu"":""2025-03-19 23:59"",""volume"":333},""volume_flow_meter"":0}";"0.00";"lunas";"2025-03-20 05:10:03";"2025-03-20 05:10:03"
"33";"14";"PT Melodi Snack Indonesia";"{""pembacaan_awal"":{""waktu"":""2025-03-20 00:00"",""volume"":333},""pembacaan_akhir"":{""waktu"":""2025-03-20 23:59"",""volume"":333},""volume_flow_meter"":0}";"0.00";"lunas";"2025-03-20 05:10:03";"2025-03-20 05:10:03"
"34";"14";"PT Melodi Snack Indonesia";"{""pembacaan_awal"":{""waktu"":""2025-03-21 00:00"",""volume"":333},""pembacaan_akhir"":{""waktu"":""2025-03-21 23:59"",""volume"":333},""volume_flow_meter"":0}";"0.00";"lunas";"2025-03-20 05:10:03";"2025-03-20 05:10:03"
"35";"14";"PT Melodi Snack Indonesia";"{""pembacaan_awal"":{""waktu"":""2025-03-22 00:00"",""volume"":333},""pembacaan_akhir"":{""waktu"":""2025-03-22 23:59"",""volume"":333},""volume_flow_meter"":0}";"0.00";"lunas";"2025-03-20 05:10:03";"2025-03-20 05:10:03"
"36";"14";"PT Melodi Snack Indonesia";"{""pembacaan_awal"":{""waktu"":""2025-03-23 00:00"",""volume"":333},""pembacaan_akhir"":{""waktu"":""2025-03-23 23:59"",""volume"":333},""volume_flow_meter"":0}";"0.00";"lunas";"2025-03-20 05:10:03";"2025-03-20 05:10:03"
"37";"14";"PT Melodi Snack Indonesia";"{""pembacaan_awal"":{""waktu"":""2025-03-24 00:00"",""volume"":333},""pembacaan_akhir"":{""waktu"":""2025-03-24 23:59"",""volume"":333},""volume_flow_meter"":0}";"0.00";"lunas";"2025-03-20 05:10:03";"2025-03-20 05:10:03"
"38";"14";"PT Melodi Snack Indonesia";"{""pembacaan_awal"":{""waktu"":""2025-03-25 00:00"",""volume"":333},""pembacaan_akhir"":{""waktu"":""2025-03-25 23:59"",""volume"":333},""volume_flow_meter"":0}";"0.00";"lunas";"2025-03-20 05:10:03";"2025-03-20 05:10:03"
"39";"14";"PT Melodi Snack Indonesia";"{""pembacaan_awal"":{""waktu"":""2025-03-26 00:00"",""volume"":333},""pembacaan_akhir"":{""waktu"":""2025-03-26 23:59"",""volume"":333},""volume_flow_meter"":0}";"0.00";"lunas";"2025-03-20 05:10:03";"2025-03-20 05:10:03"
"40";"14";"PT Melodi Snack Indonesia";"{""pembacaan_awal"":{""waktu"":""2025-03-27 00:00"",""volume"":333},""pembacaan_akhir"":{""waktu"":""2025-03-27 23:59"",""volume"":333},""volume_flow_meter"":0}";"0.00";"lunas";"2025-03-20 05:10:03";"2025-03-20 05:10:03"
"41";"14";"PT Melodi Snack Indonesia";"{""pembacaan_awal"":{""waktu"":""2025-03-28 00:00"",""volume"":333},""pembacaan_akhir"":{""waktu"":""2025-03-28 23:59"",""volume"":333},""volume_flow_meter"":0}";"0.00";"lunas";"2025-03-20 05:10:03";"2025-03-20 05:10:03"
"42";"14";"PT Melodi Snack Indonesia";"{""pembacaan_awal"":{""waktu"":""2025-03-29 00:00"",""volume"":333},""pembacaan_akhir"":{""waktu"":""2025-03-29 23:59"",""volume"":333},""volume_flow_meter"":0}";"0.00";"lunas";"2025-03-20 05:10:03";"2025-03-20 05:10:03"
"43";"14";"PT Melodi Snack Indonesia";"{""pembacaan_awal"":{""waktu"":""2025-03-30 00:00"",""volume"":333},""pembacaan_akhir"":{""waktu"":""2025-03-30 23:59"",""volume"":333},""volume_flow_meter"":0}";"0.00";"lunas";"2025-03-20 05:10:03";"2025-03-20 05:10:03"
"44";"14";"PT Melodi Snack Indonesia";"{""pembacaan_awal"":{""waktu"":""2025-03-31T00:00"",""volume"":333},""pembacaan_akhir"":{""waktu"":""2025-04-01T23:59"",""volume"":665.999},""volume_flow_meter"":332.999}";"2036004.93";"belum_lunas";"2025-03-20 05:10:03";"2025-03-20 05:10:03"
"45";"5";"Customer 2";"{""pembacaan_awal"":{""waktu"":""2025-04-04 00:00"",""volume"":20582.09},""pembacaan_akhir"":{""waktu"":""2025-04-04 23:59"",""volume"":20582.09},""volume_flow_meter"":0}";"0.00";"lunas";"2025-03-20 05:15:16";"2025-03-20 05:15:16"
"46";"5";"Customer 2";"{""pembacaan_awal"":{""waktu"":""2025-04-05T00:00"",""volume"":20582.09},""pembacaan_akhir"":{""waktu"":""2025-04-06T23:59"",""volume"":111111},""volume_flow_meter"":90528.91}";"3321440284.74";"belum_lunas";"2025-03-20 05:15:16";"2025-03-20 05:15:16"
"47";"5";"Customer 2";"{""pembacaan_awal"":{""waktu"":""2025-04-06T00:00"",""volume"":111111},""pembacaan_akhir"":{""waktu"":""2025-04-07T00:00"",""volume"":111111},""volume_flow_meter"":0}";"0.00";"lunas";"2025-03-20 05:28:02";"2025-03-20 06:29:13"
"48";"5";"Customer 2";"{""pembacaan_awal"":{""waktu"":""2025-04-07 00:00"",""volume"":111111},""pembacaan_akhir"":{""waktu"":""2025-04-07 23:59"",""volume"":111111},""volume_flow_meter"":0}";"0.00";"lunas";"2025-03-20 05:28:02";"2025-03-20 05:28:02"
"49";"5";"Customer 2";"{""pembacaan_awal"":{""waktu"":""2025-04-08T00:00"",""volume"":111111},""pembacaan_akhir"":{""waktu"":""2025-04-09T06:00"",""volume"":222222},""volume_flow_meter"":111111}";"4076582292.64";"belum_lunas";"2025-03-20 05:28:02";"2025-03-20 06:00:22"
"50";"5";"Customer 2";"{""pembacaan_awal"":{""waktu"":""2025-04-07 00:00"",""volume"":111111},""pembacaan_akhir"":{""waktu"":""2025-04-08 00:00"",""volume"":111111},""volume_flow_meter"":0}";"0.00";"lunas";"2025-03-20 05:46:57";"2025-03-20 05:46:57"
"54";"5";"Customer 2";"{""pembacaan_awal"":{""waktu"":""2025-04-10T06:00"",""volume"":222222},""pembacaan_akhir"":{""waktu"":""2025-04-11T06:00"",""volume"":333333},""volume_flow_meter"":111111}";"4076582292.64";"belum_lunas";"2025-03-20 05:59:26";"2025-03-20 05:59:26"
"55";"16";"Demo User";"{""pembacaan_awal"":{""waktu"":""2025-03-27T04:43"",""volume"":12000},""pembacaan_akhir"":{""waktu"":""2025-03-28T04:43"",""volume"":12300},""volume_flow_meter"":300}";"6046650.00";"belum_lunas";"2025-03-27 04:44:11";"2025-03-27 04:44:11"
"56";"17";"test fob";"{""waktu"":""2025-03-27T06:28"",""volume_sm3"":""300"",""keterangan"":null}";"0.00";"belum_lunas";"2025-03-27 06:28:48";"2025-03-27 06:28:48"
"57";"17";"test fob";"{""waktu"":""2025-03-28T02:19"",""volume_sm3"":""500"",""keterangan"":null}";"277500.00";"belum_lunas";"2025-03-28 02:19:09";"2025-03-28 02:19:09"
"58";"18";"test2";"{""waktu"":""2025-03-28T02:19"",""volume_sm3"":""700"",""keterangan"":null}";"0.00";"belum_lunas";"2025-03-28 02:19:44";"2025-03-28 02:19:44"
"59";"5";"Customer 2";"{""pembacaan_awal"":{""waktu"":""2025-04-12T00:00"",""volume"":333333},""pembacaan_akhir"":{""waktu"":""2025-04-13T23:59"",""volume"":12312312},""volume_flow_meter"":11978979}";"439500082577.33";"belum_lunas";"2025-03-28 05:54:08";"2025-03-28 05:54:08"
"60";"14";"PT Melodi Snack Indonesia";"{""pembacaan_awal"":{""waktu"":""2024-11-28T00:00"",""volume"":665.999},""pembacaan_akhir"":{""waktu"":""2024-11-30T23:59"",""volume"":777},""volume_flow_meter"":111.001}";"1357352.92";"belum_lunas";"2025-03-28 07:17:45";"2025-03-28 07:17:45"
"61";"18";"test2";"{""waktu"":""2025-04-07T01:21"",""volume_sm3"":""200"",""keterangan"":null}";"1200000.00";"belum_lunas";"2025-04-07 01:22:08";"2025-04-07 01:22:08"
"62";"17";"test fob";"{""waktu"":""2025-04-08T03:02"",""volume_sm3"":""600"",""keterangan"":null}";"333000.00";"belum_lunas";"2025-04-08 03:02:39";"2025-04-08 03:02:39"
"63";"1";"Test User";"{""pembacaan_awal"":{""waktu"":""2025-04-08T00:00"",""volume"":5656},""pembacaan_akhir"":{""waktu"":""2025-04-09T23:59"",""volume"":23222},""volume_flow_meter"":17566}";"0.00";"belum_lunas";"2025-04-08 05:12:08";"2025-04-08 05:12:08"
"64";"5";"Customer 2";"{""pembacaan_awal"":{""waktu"":""2025-04-12 00:00"",""volume"":333333},""pembacaan_akhir"":{""waktu"":""2025-04-12 23:59"",""volume"":333333},""volume_flow_meter"":0}";"0.00";"lunas";"2025-04-09 01:11:24";"2025-04-09 01:11:24"
"65";"5";"Customer 2";"{""pembacaan_awal"":{""waktu"":""2025-04-13T00:00"",""volume"":12312312},""pembacaan_akhir"":{""waktu"":""2025-04-14T23:59"",""volume"":45456313},""volume_flow_meter"":33144001}";"1216029444282.60";"belum_lunas";"2025-04-09 01:11:24";"2025-04-09 01:11:24"
"66";"14";"PT Melodi Snack Indonesia";"{""pembacaan_awal"":{""waktu"":""2024-12-01 00:00"",""volume"":777},""pembacaan_akhir"":{""waktu"":""2024-12-01 23:59"",""volume"":777},""volume_flow_meter"":0}";"0.00";"lunas";"2025-04-14 08:01:12";"2025-04-14 08:01:12"
"67";"14";"PT Melodi Snack Indonesia";"{""pembacaan_awal"":{""waktu"":""2024-12-02 00:00"",""volume"":777},""pembacaan_akhir"":{""waktu"":""2024-12-02 23:59"",""volume"":777},""volume_flow_meter"":0}";"0.00";"lunas";"2025-04-14 08:01:12";"2025-04-14 08:01:12"
"68";"14";"PT Melodi Snack Indonesia";"{""pembacaan_awal"":{""waktu"":""2024-12-03 00:00"",""volume"":777},""pembacaan_akhir"":{""waktu"":""2024-12-03 23:59"",""volume"":777},""volume_flow_meter"":0}";"0.00";"lunas";"2025-04-14 08:01:12";"2025-04-14 08:01:12"
"69";"14";"PT Melodi Snack Indonesia";"{""pembacaan_awal"":{""waktu"":""2024-12-04 00:00"",""volume"":777},""pembacaan_akhir"":{""waktu"":""2024-12-04 23:59"",""volume"":777},""volume_flow_meter"":0}";"0.00";"lunas";"2025-04-14 08:01:12";"2025-04-14 08:01:12"
"70";"14";"PT Melodi Snack Indonesia";"{""pembacaan_awal"":{""waktu"":""2024-12-05 00:00"",""volume"":777},""pembacaan_akhir"":{""waktu"":""2024-12-05 23:59"",""volume"":777},""volume_flow_meter"":0}";"0.00";"lunas";"2025-04-14 08:01:12";"2025-04-14 08:01:12"
"71";"14";"PT Melodi Snack Indonesia";"{""pembacaan_awal"":{""waktu"":""2024-12-06 00:00"",""volume"":777},""pembacaan_akhir"":{""waktu"":""2024-12-06 23:59"",""volume"":777},""volume_flow_meter"":0}";"0.00";"lunas";"2025-04-14 08:01:12";"2025-04-14 08:01:12"
"72";"14";"PT Melodi Snack Indonesia";"{""pembacaan_awal"":{""waktu"":""2024-12-07 00:00"",""volume"":777},""pembacaan_akhir"":{""waktu"":""2024-12-07 23:59"",""volume"":777},""volume_flow_meter"":0}";"0.00";"lunas";"2025-04-14 08:01:12";"2025-04-14 08:01:12"
"73";"14";"PT Melodi Snack Indonesia";"{""pembacaan_awal"":{""waktu"":""2024-12-08 00:00"",""volume"":777},""pembacaan_akhir"":{""waktu"":""2024-12-08 23:59"",""volume"":777},""volume_flow_meter"":0}";"0.00";"lunas";"2025-04-14 08:01:12";"2025-04-14 08:01:12"
"74";"14";"PT Melodi Snack Indonesia";"{""pembacaan_awal"":{""waktu"":""2024-12-09 00:00"",""volume"":777},""pembacaan_akhir"":{""waktu"":""2024-12-09 23:59"",""volume"":777},""volume_flow_meter"":0}";"0.00";"lunas";"2025-04-14 08:01:12";"2025-04-14 08:01:12"
"75";"14";"PT Melodi Snack Indonesia";"{""pembacaan_awal"":{""waktu"":""2024-12-10 00:00"",""volume"":777},""pembacaan_akhir"":{""waktu"":""2024-12-10 23:59"",""volume"":777},""volume_flow_meter"":0}";"0.00";"lunas";"2025-04-14 08:01:12";"2025-04-14 08:01:12"
"76";"14";"PT Melodi Snack Indonesia";"{""pembacaan_awal"":{""waktu"":""2024-12-11 00:00"",""volume"":777},""pembacaan_akhir"":{""waktu"":""2024-12-11 23:59"",""volume"":777},""volume_flow_meter"":0}";"0.00";"lunas";"2025-04-14 08:01:12";"2025-04-14 08:01:12"
"77";"14";"PT Melodi Snack Indonesia";"{""pembacaan_awal"":{""waktu"":""2024-12-12 00:00"",""volume"":777},""pembacaan_akhir"":{""waktu"":""2024-12-12 23:59"",""volume"":777},""volume_flow_meter"":0}";"0.00";"lunas";"2025-04-14 08:01:12";"2025-04-14 08:01:12"
"78";"14";"PT Melodi Snack Indonesia";"{""pembacaan_awal"":{""waktu"":""2024-12-13 00:00"",""volume"":777},""pembacaan_akhir"":{""waktu"":""2024-12-13 23:59"",""volume"":777},""volume_flow_meter"":0}";"0.00";"lunas";"2025-04-14 08:01:12";"2025-04-14 08:01:12"
"79";"14";"PT Melodi Snack Indonesia";"{""pembacaan_awal"":{""waktu"":""2024-12-14 00:00"",""volume"":777},""pembacaan_akhir"":{""waktu"":""2024-12-14 23:59"",""volume"":777},""volume_flow_meter"":0}";"0.00";"lunas";"2025-04-14 08:01:12";"2025-04-14 08:01:12"
"80";"14";"PT Melodi Snack Indonesia";"{""pembacaan_awal"":{""waktu"":""2024-12-15 00:00"",""volume"":777},""pembacaan_akhir"":{""waktu"":""2024-12-15 23:59"",""volume"":777},""volume_flow_meter"":0}";"0.00";"lunas";"2025-04-14 08:01:12";"2025-04-14 08:01:12"
"81";"14";"PT Melodi Snack Indonesia";"{""pembacaan_awal"":{""waktu"":""2024-12-16 00:00"",""volume"":777},""pembacaan_akhir"":{""waktu"":""2024-12-16 23:59"",""volume"":777},""volume_flow_meter"":0}";"0.00";"lunas";"2025-04-14 08:01:12";"2025-04-14 08:01:12"
"82";"14";"PT Melodi Snack Indonesia";"{""pembacaan_awal"":{""waktu"":""2024-12-17 00:00"",""volume"":777},""pembacaan_akhir"":{""waktu"":""2024-12-17 23:59"",""volume"":777},""volume_flow_meter"":0}";"0.00";"lunas";"2025-04-14 08:01:12";"2025-04-14 08:01:12"
"83";"14";"PT Melodi Snack Indonesia";"{""pembacaan_awal"":{""waktu"":""2024-12-18 00:00"",""volume"":777},""pembacaan_akhir"":{""waktu"":""2024-12-18 23:59"",""volume"":777},""volume_flow_meter"":0}";"0.00";"lunas";"2025-04-14 08:01:12";"2025-04-14 08:01:12"
"84";"14";"PT Melodi Snack Indonesia";"{""pembacaan_awal"":{""waktu"":""2024-12-19 00:00"",""volume"":777},""pembacaan_akhir"":{""waktu"":""2024-12-19 23:59"",""volume"":777},""volume_flow_meter"":0}";"0.00";"lunas";"2025-04-14 08:01:12";"2025-04-14 08:01:12"
"85";"14";"PT Melodi Snack Indonesia";"{""pembacaan_awal"":{""waktu"":""2024-12-20 00:00"",""volume"":777},""pembacaan_akhir"":{""waktu"":""2024-12-20 23:59"",""volume"":777},""volume_flow_meter"":0}";"0.00";"lunas";"2025-04-14 08:01:12";"2025-04-14 08:01:12"
"86";"14";"PT Melodi Snack Indonesia";"{""pembacaan_awal"":{""waktu"":""2024-12-21 00:00"",""volume"":777},""pembacaan_akhir"":{""waktu"":""2024-12-21 23:59"",""volume"":777},""volume_flow_meter"":0}";"0.00";"lunas";"2025-04-14 08:01:12";"2025-04-14 08:01:12"
"87";"14";"PT Melodi Snack Indonesia";"{""pembacaan_awal"":{""waktu"":""2024-12-22 00:00"",""volume"":777},""pembacaan_akhir"":{""waktu"":""2024-12-22 23:59"",""volume"":777},""volume_flow_meter"":0}";"0.00";"lunas";"2025-04-14 08:01:12";"2025-04-14 08:01:12"
"88";"14";"PT Melodi Snack Indonesia";"{""pembacaan_awal"":{""waktu"":""2024-12-23 00:00"",""volume"":777},""pembacaan_akhir"":{""waktu"":""2024-12-23 23:59"",""volume"":777},""volume_flow_meter"":0}";"0.00";"lunas";"2025-04-14 08:01:12";"2025-04-14 08:01:12"
"89";"14";"PT Melodi Snack Indonesia";"{""pembacaan_awal"":{""waktu"":""2024-12-24 00:00"",""volume"":777},""pembacaan_akhir"":{""waktu"":""2024-12-24 23:59"",""volume"":777},""volume_flow_meter"":0}";"0.00";"lunas";"2025-04-14 08:01:12";"2025-04-14 08:01:12"
"90";"14";"PT Melodi Snack Indonesia";"{""pembacaan_awal"":{""waktu"":""2024-12-25 00:00"",""volume"":777},""pembacaan_akhir"":{""waktu"":""2024-12-25 23:59"",""volume"":777},""volume_flow_meter"":0}";"0.00";"lunas";"2025-04-14 08:01:12";"2025-04-14 08:01:12"
"91";"14";"PT Melodi Snack Indonesia";"{""pembacaan_awal"":{""waktu"":""2024-12-26 00:00"",""volume"":777},""pembacaan_akhir"":{""waktu"":""2024-12-26 23:59"",""volume"":777},""volume_flow_meter"":0}";"0.00";"lunas";"2025-04-14 08:01:12";"2025-04-14 08:01:12"
"92";"14";"PT Melodi Snack Indonesia";"{""pembacaan_awal"":{""waktu"":""2024-12-27 00:00"",""volume"":777},""pembacaan_akhir"":{""waktu"":""2024-12-27 23:59"",""volume"":777},""volume_flow_meter"":0}";"0.00";"lunas";"2025-04-14 08:01:12";"2025-04-14 08:01:12"
"93";"14";"PT Melodi Snack Indonesia";"{""pembacaan_awal"":{""waktu"":""2024-12-28 00:00"",""volume"":777},""pembacaan_akhir"":{""waktu"":""2024-12-28 23:59"",""volume"":777},""volume_flow_meter"":0}";"0.00";"lunas";"2025-04-14 08:01:12";"2025-04-14 08:01:12"
"94";"14";"PT Melodi Snack Indonesia";"{""pembacaan_awal"":{""waktu"":""2024-12-29 00:00"",""volume"":777},""pembacaan_akhir"":{""waktu"":""2024-12-29 23:59"",""volume"":777},""volume_flow_meter"":0}";"0.00";"lunas";"2025-04-14 08:01:12";"2025-04-14 08:01:12"
"95";"14";"PT Melodi Snack Indonesia";"{""pembacaan_awal"":{""waktu"":""2024-12-30 00:00"",""volume"":777},""pembacaan_akhir"":{""waktu"":""2024-12-30 23:59"",""volume"":777},""volume_flow_meter"":0}";"0.00";"lunas";"2025-04-14 08:01:12";"2025-04-14 08:01:12"
"96";"14";"PT Melodi Snack Indonesia";"{""pembacaan_awal"":{""waktu"":""2024-12-31 00:00"",""volume"":777},""pembacaan_akhir"":{""waktu"":""2024-12-31 23:59"",""volume"":777},""volume_flow_meter"":0}";"0.00";"lunas";"2025-04-14 08:01:12";"2025-04-14 08:01:12"
"97";"14";"PT Melodi Snack Indonesia";"{""pembacaan_awal"":{""waktu"":""2025-01-01 00:00"",""volume"":777},""pembacaan_akhir"":{""waktu"":""2025-01-01 23:59"",""volume"":777},""volume_flow_meter"":0}";"0.00";"lunas";"2025-04-14 08:01:12";"2025-04-14 08:01:12"
"98";"14";"PT Melodi Snack Indonesia";"{""pembacaan_awal"":{""waktu"":""2025-01-02 00:00"",""volume"":777},""pembacaan_akhir"":{""waktu"":""2025-01-02 23:59"",""volume"":777},""volume_flow_meter"":0}";"0.00";"lunas";"2025-04-14 08:01:12";"2025-04-14 08:01:12"
"99";"14";"PT Melodi Snack Indonesia";"{""pembacaan_awal"":{""waktu"":""2025-01-03 00:00"",""volume"":777},""pembacaan_akhir"":{""waktu"":""2025-01-03 23:59"",""volume"":777},""volume_flow_meter"":0}";"0.00";"lunas";"2025-04-14 08:01:12";"2025-04-14 08:01:12"
"100";"14";"PT Melodi Snack Indonesia";"{""pembacaan_awal"":{""waktu"":""2025-01-04 00:00"",""volume"":777},""pembacaan_akhir"":{""waktu"":""2025-01-04 23:59"",""volume"":777},""volume_flow_meter"":0}";"0.00";"lunas";"2025-04-14 08:01:12";"2025-04-14 08:01:12"
"101";"14";"PT Melodi Snack Indonesia";"{""pembacaan_awal"":{""waktu"":""2025-01-05 00:00"",""volume"":777},""pembacaan_akhir"":{""waktu"":""2025-01-05 23:59"",""volume"":777},""volume_flow_meter"":0}";"0.00";"lunas";"2025-04-14 08:01:12";"2025-04-14 08:01:12"
"102";"14";"PT Melodi Snack Indonesia";"{""pembacaan_awal"":{""waktu"":""2025-01-06 00:00"",""volume"":777},""pembacaan_akhir"":{""waktu"":""2025-01-06 23:59"",""volume"":777},""volume_flow_meter"":0}";"0.00";"lunas";"2025-04-14 08:01:12";"2025-04-14 08:01:12"
"103";"14";"PT Melodi Snack Indonesia";"{""pembacaan_awal"":{""waktu"":""2025-01-07 00:00"",""volume"":777},""pembacaan_akhir"":{""waktu"":""2025-01-07 23:59"",""volume"":777},""volume_flow_meter"":0}";"0.00";"lunas";"2025-04-14 08:01:12";"2025-04-14 08:01:12"
"104";"14";"PT Melodi Snack Indonesia";"{""pembacaan_awal"":{""waktu"":""2025-01-08 00:00"",""volume"":777},""pembacaan_akhir"":{""waktu"":""2025-01-08 23:59"",""volume"":777},""volume_flow_meter"":0}";"0.00";"lunas";"2025-04-14 08:01:12";"2025-04-14 08:01:12"
"105";"14";"PT Melodi Snack Indonesia";"{""pembacaan_awal"":{""waktu"":""2025-01-09 00:00"",""volume"":777},""pembacaan_akhir"":{""waktu"":""2025-01-09 23:59"",""volume"":777},""volume_flow_meter"":0}";"0.00";"lunas";"2025-04-14 08:01:12";"2025-04-14 08:01:12"
"106";"14";"PT Melodi Snack Indonesia";"{""pembacaan_awal"":{""waktu"":""2025-01-10 00:00"",""volume"":777},""pembacaan_akhir"":{""waktu"":""2025-01-10 23:59"",""volume"":777},""volume_flow_meter"":0}";"0.00";"lunas";"2025-04-14 08:01:12";"2025-04-14 08:01:12"
"107";"14";"PT Melodi Snack Indonesia";"{""pembacaan_awal"":{""waktu"":""2025-01-11 00:00"",""volume"":777},""pembacaan_akhir"":{""waktu"":""2025-01-11 23:59"",""volume"":777},""volume_flow_meter"":0}";"0.00";"lunas";"2025-04-14 08:01:12";"2025-04-14 08:01:12"
"108";"14";"PT Melodi Snack Indonesia";"{""pembacaan_awal"":{""waktu"":""2025-01-12 00:00"",""volume"":777},""pembacaan_akhir"":{""waktu"":""2025-01-12 23:59"",""volume"":777},""volume_flow_meter"":0}";"0.00";"lunas";"2025-04-14 08:01:12";"2025-04-14 08:01:12"
"109";"14";"PT Melodi Snack Indonesia";"{""pembacaan_awal"":{""waktu"":""2025-01-13 00:00"",""volume"":777},""pembacaan_akhir"":{""waktu"":""2025-01-13 23:59"",""volume"":777},""volume_flow_meter"":0}";"0.00";"lunas";"2025-04-14 08:01:12";"2025-04-14 08:01:12"
"110";"14";"PT Melodi Snack Indonesia";"{""pembacaan_awal"":{""waktu"":""2025-01-14 00:00"",""volume"":777},""pembacaan_akhir"":{""waktu"":""2025-01-14 23:59"",""volume"":777},""volume_flow_meter"":0}";"0.00";"lunas";"2025-04-14 08:01:12";"2025-04-14 08:01:12"
"111";"14";"PT Melodi Snack Indonesia";"{""pembacaan_awal"":{""waktu"":""2025-01-15 00:00"",""volume"":777},""pembacaan_akhir"":{""waktu"":""2025-01-15 23:59"",""volume"":777},""volume_flow_meter"":0}";"0.00";"lunas";"2025-04-14 08:01:12";"2025-04-14 08:01:12"
"112";"14";"PT Melodi Snack Indonesia";"{""pembacaan_awal"":{""waktu"":""2025-01-16 00:00"",""volume"":777},""pembacaan_akhir"":{""waktu"":""2025-01-16 23:59"",""volume"":777},""volume_flow_meter"":0}";"0.00";"lunas";"2025-04-14 08:01:12";"2025-04-14 08:01:12"
"113";"14";"PT Melodi Snack Indonesia";"{""pembacaan_awal"":{""waktu"":""2025-01-17 00:00"",""volume"":777},""pembacaan_akhir"":{""waktu"":""2025-01-17 23:59"",""volume"":777},""volume_flow_meter"":0}";"0.00";"lunas";"2025-04-14 08:01:12";"2025-04-14 08:01:12"
"114";"14";"PT Melodi Snack Indonesia";"{""pembacaan_awal"":{""waktu"":""2025-01-18 00:00"",""volume"":777},""pembacaan_akhir"":{""waktu"":""2025-01-18 23:59"",""volume"":777},""volume_flow_meter"":0}";"0.00";"lunas";"2025-04-14 08:01:12";"2025-04-14 08:01:12"
"115";"14";"PT Melodi Snack Indonesia";"{""pembacaan_awal"":{""waktu"":""2025-01-19 00:00"",""volume"":777},""pembacaan_akhir"":{""waktu"":""2025-01-19 23:59"",""volume"":777},""volume_flow_meter"":0}";"0.00";"lunas";"2025-04-14 08:01:12";"2025-04-14 08:01:12"
"116";"14";"PT Melodi Snack Indonesia";"{""pembacaan_awal"":{""waktu"":""2025-01-20 00:00"",""volume"":777},""pembacaan_akhir"":{""waktu"":""2025-01-20 23:59"",""volume"":777},""volume_flow_meter"":0}";"0.00";"lunas";"2025-04-14 08:01:12";"2025-04-14 08:01:12"
"117";"14";"PT Melodi Snack Indonesia";"{""pembacaan_awal"":{""waktu"":""2025-01-21 00:00"",""volume"":777},""pembacaan_akhir"":{""waktu"":""2025-01-21 23:59"",""volume"":777},""volume_flow_meter"":0}";"0.00";"lunas";"2025-04-14 08:01:12";"2025-04-14 08:01:12"
"118";"14";"PT Melodi Snack Indonesia";"{""pembacaan_awal"":{""waktu"":""2025-01-22 00:00"",""volume"":777},""pembacaan_akhir"":{""waktu"":""2025-01-22 23:59"",""volume"":777},""volume_flow_meter"":0}";"0.00";"lunas";"2025-04-14 08:01:12";"2025-04-14 08:01:12"
"119";"14";"PT Melodi Snack Indonesia";"{""pembacaan_awal"":{""waktu"":""2025-01-23 00:00"",""volume"":777},""pembacaan_akhir"":{""waktu"":""2025-01-23 23:59"",""volume"":777},""volume_flow_meter"":0}";"0.00";"lunas";"2025-04-14 08:01:12";"2025-04-14 08:01:12"
"120";"14";"PT Melodi Snack Indonesia";"{""pembacaan_awal"":{""waktu"":""2025-01-24 00:00"",""volume"":777},""pembacaan_akhir"":{""waktu"":""2025-01-24 23:59"",""volume"":777},""volume_flow_meter"":0}";"0.00";"lunas";"2025-04-14 08:01:12";"2025-04-14 08:01:12"
"121";"14";"PT Melodi Snack Indonesia";"{""pembacaan_awal"":{""waktu"":""2025-01-25 00:00"",""volume"":777},""pembacaan_akhir"":{""waktu"":""2025-01-25 23:59"",""volume"":777},""volume_flow_meter"":0}";"0.00";"lunas";"2025-04-14 08:01:12";"2025-04-14 08:01:12"
"122";"14";"PT Melodi Snack Indonesia";"{""pembacaan_awal"":{""waktu"":""2025-01-26 00:00"",""volume"":777},""pembacaan_akhir"":{""waktu"":""2025-01-26 23:59"",""volume"":777},""volume_flow_meter"":0}";"0.00";"lunas";"2025-04-14 08:01:12";"2025-04-14 08:01:12"
"123";"14";"PT Melodi Snack Indonesia";"{""pembacaan_awal"":{""waktu"":""2025-01-27 00:00"",""volume"":777},""pembacaan_akhir"":{""waktu"":""2025-01-27 23:59"",""volume"":777},""volume_flow_meter"":0}";"0.00";"lunas";"2025-04-14 08:01:12";"2025-04-14 08:01:12"
"124";"14";"PT Melodi Snack Indonesia";"{""pembacaan_awal"":{""waktu"":""2025-01-28 00:00"",""volume"":777},""pembacaan_akhir"":{""waktu"":""2025-01-28 23:59"",""volume"":777},""volume_flow_meter"":0}";"0.00";"lunas";"2025-04-14 08:01:12";"2025-04-14 08:01:12"
"125";"14";"PT Melodi Snack Indonesia";"{""pembacaan_awal"":{""waktu"":""2025-01-29 00:00"",""volume"":777},""pembacaan_akhir"":{""waktu"":""2025-01-29 23:59"",""volume"":777},""volume_flow_meter"":0}";"0.00";"lunas";"2025-04-14 08:01:12";"2025-04-14 08:01:12"
"126";"14";"PT Melodi Snack Indonesia";"{""pembacaan_awal"":{""waktu"":""2025-01-30 00:00"",""volume"":777},""pembacaan_akhir"":{""waktu"":""2025-01-30 23:59"",""volume"":777},""volume_flow_meter"":0}";"0.00";"lunas";"2025-04-14 08:01:12";"2025-04-14 08:01:12"
"127";"14";"PT Melodi Snack Indonesia";"{""pembacaan_awal"":{""waktu"":""2025-01-31 00:00"",""volume"":777},""pembacaan_akhir"":{""waktu"":""2025-01-31 23:59"",""volume"":777},""volume_flow_meter"":0}";"0.00";"lunas";"2025-04-14 08:01:12";"2025-04-14 08:01:12"
"128";"14";"PT Melodi Snack Indonesia";"{""pembacaan_awal"":{""waktu"":""2025-02-01 00:00"",""volume"":777},""pembacaan_akhir"":{""waktu"":""2025-02-01 23:59"",""volume"":777},""volume_flow_meter"":0}";"0.00";"lunas";"2025-04-14 08:01:12";"2025-04-14 08:01:12"
"129";"14";"PT Melodi Snack Indonesia";"{""pembacaan_awal"":{""waktu"":""2025-02-02 00:00"",""volume"":777},""pembacaan_akhir"":{""waktu"":""2025-02-02 23:59"",""volume"":777},""volume_flow_meter"":0}";"0.00";"lunas";"2025-04-14 08:01:12";"2025-04-14 08:01:12"
"130";"14";"PT Melodi Snack Indonesia";"{""pembacaan_awal"":{""waktu"":""2025-02-03 00:00"",""volume"":777},""pembacaan_akhir"":{""waktu"":""2025-02-03 23:59"",""volume"":777},""volume_flow_meter"":0}";"0.00";"lunas";"2025-04-14 08:01:12";"2025-04-14 08:01:12"
"131";"14";"PT Melodi Snack Indonesia";"{""pembacaan_awal"":{""waktu"":""2025-02-04 00:00"",""volume"":777},""pembacaan_akhir"":{""waktu"":""2025-02-04 23:59"",""volume"":777},""volume_flow_meter"":0}";"0.00";"lunas";"2025-04-14 08:01:12";"2025-04-14 08:01:12"
"132";"14";"PT Melodi Snack Indonesia";"{""pembacaan_awal"":{""waktu"":""2025-02-05 00:00"",""volume"":777},""pembacaan_akhir"":{""waktu"":""2025-02-05 23:59"",""volume"":777},""volume_flow_meter"":0}";"0.00";"lunas";"2025-04-14 08:01:12";"2025-04-14 08:01:12"
"133";"14";"PT Melodi Snack Indonesia";"{""pembacaan_awal"":{""waktu"":""2025-02-06 00:00"",""volume"":777},""pembacaan_akhir"":{""waktu"":""2025-02-06 23:59"",""volume"":777},""volume_flow_meter"":0}";"0.00";"lunas";"2025-04-14 08:01:12";"2025-04-14 08:01:12"
"134";"14";"PT Melodi Snack Indonesia";"{""pembacaan_awal"":{""waktu"":""2025-02-07 00:00"",""volume"":777},""pembacaan_akhir"":{""waktu"":""2025-02-07 23:59"",""volume"":777},""volume_flow_meter"":0}";"0.00";"lunas";"2025-04-14 08:01:12";"2025-04-14 08:01:12"
"135";"14";"PT Melodi Snack Indonesia";"{""pembacaan_awal"":{""waktu"":""2025-02-08 00:00"",""volume"":777},""pembacaan_akhir"":{""waktu"":""2025-02-08 23:59"",""volume"":777},""volume_flow_meter"":0}";"0.00";"lunas";"2025-04-14 08:01:12";"2025-04-14 08:01:12"
"136";"14";"PT Melodi Snack Indonesia";"{""pembacaan_awal"":{""waktu"":""2025-02-09 00:00"",""volume"":777},""pembacaan_akhir"":{""waktu"":""2025-02-09 23:59"",""volume"":777},""volume_flow_meter"":0}";"0.00";"lunas";"2025-04-14 08:01:12";"2025-04-14 08:01:12"
"137";"14";"PT Melodi Snack Indonesia";"{""pembacaan_awal"":{""waktu"":""2025-02-10 00:00"",""volume"":777},""pembacaan_akhir"":{""waktu"":""2025-02-10 23:59"",""volume"":777},""volume_flow_meter"":0}";"0.00";"lunas";"2025-04-14 08:01:12";"2025-04-14 08:01:12"
"138";"14";"PT Melodi Snack Indonesia";"{""pembacaan_awal"":{""waktu"":""2025-02-11 00:00"",""volume"":777},""pembacaan_akhir"":{""waktu"":""2025-02-11 23:59"",""volume"":777},""volume_flow_meter"":0}";"0.00";"lunas";"2025-04-14 08:01:12";"2025-04-14 08:01:12"
"139";"14";"PT Melodi Snack Indonesia";"{""pembacaan_awal"":{""waktu"":""2025-02-12 00:00"",""volume"":777},""pembacaan_akhir"":{""waktu"":""2025-02-12 23:59"",""volume"":777},""volume_flow_meter"":0}";"0.00";"lunas";"2025-04-14 08:01:12";"2025-04-14 08:01:12"
"140";"14";"PT Melodi Snack Indonesia";"{""pembacaan_awal"":{""waktu"":""2025-02-13 00:00"",""volume"":777},""pembacaan_akhir"":{""waktu"":""2025-02-13 23:59"",""volume"":777},""volume_flow_meter"":0}";"0.00";"lunas";"2025-04-14 08:01:12";"2025-04-14 08:01:12"
"141";"14";"PT Melodi Snack Indonesia";"{""pembacaan_awal"":{""waktu"":""2025-02-14 00:00"",""volume"":777},""pembacaan_akhir"":{""waktu"":""2025-02-14 23:59"",""volume"":777},""volume_flow_meter"":0}";"0.00";"lunas";"2025-04-14 08:01:12";"2025-04-14 08:01:12"
"142";"14";"PT Melodi Snack Indonesia";"{""pembacaan_awal"":{""waktu"":""2025-02-15 00:00"",""volume"":777},""pembacaan_akhir"":{""waktu"":""2025-02-15 23:59"",""volume"":777},""volume_flow_meter"":0}";"0.00";"lunas";"2025-04-14 08:01:12";"2025-04-14 08:01:12"
"143";"14";"PT Melodi Snack Indonesia";"{""pembacaan_awal"":{""waktu"":""2025-02-16 00:00"",""volume"":777},""pembacaan_akhir"":{""waktu"":""2025-02-16 23:59"",""volume"":777},""volume_flow_meter"":0}";"0.00";"lunas";"2025-04-14 08:01:12";"2025-04-14 08:01:12"
"144";"14";"PT Melodi Snack Indonesia";"{""pembacaan_awal"":{""waktu"":""2025-02-17 00:00"",""volume"":777},""pembacaan_akhir"":{""waktu"":""2025-02-17 23:59"",""volume"":777},""volume_flow_meter"":0}";"0.00";"lunas";"2025-04-14 08:01:12";"2025-04-14 08:01:12"
"145";"14";"PT Melodi Snack Indonesia";"{""pembacaan_awal"":{""waktu"":""2025-02-18 00:00"",""volume"":777},""pembacaan_akhir"":{""waktu"":""2025-02-18 23:59"",""volume"":777},""volume_flow_meter"":0}";"0.00";"lunas";"2025-04-14 08:01:12";"2025-04-14 08:01:12"
"146";"14";"PT Melodi Snack Indonesia";"{""pembacaan_awal"":{""waktu"":""2025-02-19 00:00"",""volume"":777},""pembacaan_akhir"":{""waktu"":""2025-02-19 23:59"",""volume"":777},""volume_flow_meter"":0}";"0.00";"lunas";"2025-04-14 08:01:12";"2025-04-14 08:01:12"
"147";"14";"PT Melodi Snack Indonesia";"{""pembacaan_awal"":{""waktu"":""2025-02-20 00:00"",""volume"":777},""pembacaan_akhir"":{""waktu"":""2025-02-20 23:59"",""volume"":777},""volume_flow_meter"":0}";"0.00";"lunas";"2025-04-14 08:01:12";"2025-04-14 08:01:12"
"148";"14";"PT Melodi Snack Indonesia";"{""pembacaan_awal"":{""waktu"":""2025-02-21 00:00"",""volume"":777},""pembacaan_akhir"":{""waktu"":""2025-02-21 23:59"",""volume"":777},""volume_flow_meter"":0}";"0.00";"lunas";"2025-04-14 08:01:12";"2025-04-14 08:01:12"
"149";"14";"PT Melodi Snack Indonesia";"{""pembacaan_awal"":{""waktu"":""2025-02-22 00:00"",""volume"":777},""pembacaan_akhir"":{""waktu"":""2025-02-22 23:59"",""volume"":777},""volume_flow_meter"":0}";"0.00";"lunas";"2025-04-14 08:01:12";"2025-04-14 08:01:12"
"150";"14";"PT Melodi Snack Indonesia";"{""pembacaan_awal"":{""waktu"":""2025-02-23 00:00"",""volume"":777},""pembacaan_akhir"":{""waktu"":""2025-02-23 23:59"",""volume"":777},""volume_flow_meter"":0}";"0.00";"lunas";"2025-04-14 08:01:12";"2025-04-14 08:01:12"
"151";"14";"PT Melodi Snack Indonesia";"{""pembacaan_awal"":{""waktu"":""2025-02-24 00:00"",""volume"":777},""pembacaan_akhir"":{""waktu"":""2025-02-24 23:59"",""volume"":777},""volume_flow_meter"":0}";"0.00";"lunas";"2025-04-14 08:01:12";"2025-04-14 08:01:12"
"152";"14";"PT Melodi Snack Indonesia";"{""pembacaan_awal"":{""waktu"":""2025-02-25 00:00"",""volume"":777},""pembacaan_akhir"":{""waktu"":""2025-02-25 23:59"",""volume"":777},""volume_flow_meter"":0}";"0.00";"lunas";"2025-04-14 08:01:12";"2025-04-14 08:01:12"
"153";"14";"PT Melodi Snack Indonesia";"{""pembacaan_awal"":{""waktu"":""2025-02-26 00:00"",""volume"":777},""pembacaan_akhir"":{""waktu"":""2025-02-26 23:59"",""volume"":777},""volume_flow_meter"":0}";"0.00";"lunas";"2025-04-14 08:01:12";"2025-04-14 08:01:12"
"154";"14";"PT Melodi Snack Indonesia";"{""pembacaan_awal"":{""waktu"":""2025-02-27 00:00"",""volume"":777},""pembacaan_akhir"":{""waktu"":""2025-02-27 23:59"",""volume"":777},""volume_flow_meter"":0}";"0.00";"lunas";"2025-04-14 08:01:12";"2025-04-14 08:01:12"
"155";"14";"PT Melodi Snack Indonesia";"{""pembacaan_awal"":{""waktu"":""2025-02-28 00:00"",""volume"":777},""pembacaan_akhir"":{""waktu"":""2025-02-28 23:59"",""volume"":777},""volume_flow_meter"":0}";"0.00";"lunas";"2025-04-14 08:01:12";"2025-04-14 08:01:12"
"156";"14";"PT Melodi Snack Indonesia";"{""pembacaan_awal"":{""waktu"":""2025-03-01T00:00"",""volume"":665.999},""pembacaan_akhir"":{""waktu"":""2025-03-02T23:59"",""volume"":1111},""volume_flow_meter"":445.001}";"5441603.31";"belum_lunas";"2025-04-14 08:01:12";"2025-04-14 08:04:46"
"158";"14";"PT Melodi Snack Indonesia";"{""pembacaan_awal"":{""waktu"":""2025-03-02 00:00"",""volume"":777},""pembacaan_akhir"":{""waktu"":""2025-03-02 23:59"",""volume"":777},""volume_flow_meter"":0}";"0.00";"lunas";"2025-04-14 08:02:46";"2025-04-14 08:02:46"
"159";"14";"PT Melodi Snack Indonesia";"{""pembacaan_awal"":{""waktu"":""2025-03-03 00:00"",""volume"":777},""pembacaan_akhir"":{""waktu"":""2025-03-03 23:59"",""volume"":777},""volume_flow_meter"":0}";"0.00";"lunas";"2025-04-14 08:02:46";"2025-04-14 08:02:46"
"160";"14";"PT Melodi Snack Indonesia";"{""pembacaan_awal"":{""waktu"":""2025-03-04 00:00"",""volume"":777},""pembacaan_akhir"":{""waktu"":""2025-03-04 23:59"",""volume"":777},""volume_flow_meter"":0}";"0.00";"lunas";"2025-04-14 08:02:46";"2025-04-14 08:02:46"
"161";"14";"PT Melodi Snack Indonesia";"{""pembacaan_awal"":{""waktu"":""2025-03-05 00:00"",""volume"":777},""pembacaan_akhir"":{""waktu"":""2025-03-05 23:59"",""volume"":777},""volume_flow_meter"":0}";"0.00";"lunas";"2025-04-14 08:02:46";"2025-04-14 08:02:46"
"162";"14";"PT Melodi Snack Indonesia";"{""pembacaan_awal"":{""waktu"":""2025-03-06 00:00"",""volume"":777},""pembacaan_akhir"":{""waktu"":""2025-03-06 23:59"",""volume"":777},""volume_flow_meter"":0}";"0.00";"lunas";"2025-04-14 08:02:46";"2025-04-14 08:02:46"
"163";"14";"PT Melodi Snack Indonesia";"{""pembacaan_awal"":{""waktu"":""2025-03-07 00:00"",""volume"":777},""pembacaan_akhir"":{""waktu"":""2025-03-07 23:59"",""volume"":777},""volume_flow_meter"":0}";"0.00";"lunas";"2025-04-14 08:02:46";"2025-04-14 08:02:46"
"164";"14";"PT Melodi Snack Indonesia";"{""pembacaan_awal"":{""waktu"":""2025-03-08 00:00"",""volume"":777},""pembacaan_akhir"":{""waktu"":""2025-03-08 23:59"",""volume"":777},""volume_flow_meter"":0}";"0.00";"lunas";"2025-04-14 08:02:46";"2025-04-14 08:02:46"
"165";"14";"PT Melodi Snack Indonesia";"{""pembacaan_awal"":{""waktu"":""2025-03-09 00:00"",""volume"":777},""pembacaan_akhir"":{""waktu"":""2025-03-09 23:59"",""volume"":777},""volume_flow_meter"":0}";"0.00";"lunas";"2025-04-14 08:02:46";"2025-04-14 08:02:46"
"166";"14";"PT Melodi Snack Indonesia";"{""pembacaan_awal"":{""waktu"":""2025-03-10 00:00"",""volume"":777},""pembacaan_akhir"":{""waktu"":""2025-03-10 23:59"",""volume"":777},""volume_flow_meter"":0}";"0.00";"lunas";"2025-04-14 08:02:46";"2025-04-14 08:02:46"
"167";"14";"PT Melodi Snack Indonesia";"{""pembacaan_awal"":{""waktu"":""2025-03-11 00:00"",""volume"":777},""pembacaan_akhir"":{""waktu"":""2025-03-11 23:59"",""volume"":777},""volume_flow_meter"":0}";"0.00";"lunas";"2025-04-14 08:02:46";"2025-04-14 08:02:46"
"168";"14";"PT Melodi Snack Indonesia";"{""pembacaan_awal"":{""waktu"":""2025-03-12 00:00"",""volume"":777},""pembacaan_akhir"":{""waktu"":""2025-03-12 23:59"",""volume"":777},""volume_flow_meter"":0}";"0.00";"lunas";"2025-04-14 08:02:46";"2025-04-14 08:02:46"
"169";"14";"PT Melodi Snack Indonesia";"{""pembacaan_awal"":{""waktu"":""2025-03-13T00:00"",""volume"":1111},""pembacaan_akhir"":{""waktu"":""2025-03-14T23:59"",""volume"":2222},""volume_flow_meter"":1111}";"13585635.26";"belum_lunas";"2025-04-14 08:02:46";"2025-04-14 08:05:32"
"id";"uuid";"connection";"queue";"payload";"exception";"failed_at"
"id";"customer_id";"id_pelanggan";"invoice_number";"invoice_date";"due_date";"total_amount";"no_kontrak";"status";"description";"period_month";"period_year";"created_at";"updated_at"
"2";"14";;"001/MPS/INV-PT M/04/2025";"2025-04-12";"2025-04-22";"0.00";;"unpaid";"hgjhgjy";"4";"2025";"2025-04-12 03:31:27";"2025-04-12 03:31:27"
"4";"5";"03C0005";"003/MPS/INV-APA/04/2025";"2025-04-12";"2025-04-22";"1667019484724.90";"001/PJBG-MPS/I/2025";"paid";NULL;"4";"2025";"2025-04-12 05:14:22";"2025-04-13 03:23:08"
"6";"14";"03C0014";"002/MPS/INV-PT MELODI SNACK INDONESIA/04/2025";"2025-04-13";"2025-04-23";"0.00";"001/PJBG-MPS/I/2025";"unpaid";"dd";"4";"2025";"2025-04-13 04:19:44";"2025-04-13 04:19:44"
"7";"14";"03C0014";"003/MPS/INV-PT MELODI SNACK INDONESIA/04/2025";"2025-04-13";"2025-04-23";"0.00";"001/PJBG-MPS/I/2025";"unpaid";"Pemakaian CNG";"4";"2025";"2025-04-13 04:22:08";"2025-04-13 04:22:08"
"id";"queue";"payload";"attempts";"reserved_at";"available_at";"created_at"
"id";"name";"total_jobs";"pending_jobs";"failed_jobs";"failed_job_ids";"options";"cancelled_at";"created_at";"finished_at"
"id";"migration";"batch"
"1";"0001_01_01_000000_create_users_table";"1"
"2";"0001_01_01_000001_create_cache_table";"1"
"3";"0001_01_01_000002_create_jobs_table";"1"
"4";"2025_03_09_064403_create_data_pencatatans_table";"1"
"5";"2025_03_09_083436_create_sessions_table";"1"
"6";"2025_03_10_080627_add_pricing_columns_to_users_table";"1"
"7";"2025_03_12_050632_deposit";"1"
"8";"2025_03_17_070714_pricing_history";"2"
"9";"2025_03_27_100000_add_fob_role_to_users_table";"3"
"10";"2025_03_28_create_rekap_pengambilan_table";"4"
"11";"2025_04_07_create_nomor_polisi_table";"5"
"12";"2023_05_20_000001_create_invoices_table";"6"
"13";"2023_05_20_000002_create_billings_table";"6"
"id";"nopol";"keterangan";"created_at";"updated_at"
"1";"B9037SAN";NULL;"2025-04-07 11:03:27";"2025-04-07 11:03:27"
"2";"B9037SDE";NULL;"2025-04-07 04:10:33";"2025-04-07 04:10:33"
"3";"B9037CCC";NULL;"2025-04-08 02:39:05";"2025-04-20 03:26:38"
"4";"B9038BB";NULL;"2025-04-08 02:51:57";"2025-04-20 03:17:21"
"id";"tanggal";"customer_id";"nopol";"volume";"keterangan";"created_at";"updated_at"
"1";"2025-04-07 00:00:00";"18";"B9037SAN";"200.00";NULL;"2025-04-07 03:18:23";"2025-04-07 03:18:23"
"2";"2025-03-07 00:00:00";"17";"B9037SAN";"300.00";NULL;"2025-04-07 03:19:22";"2025-04-07 03:19:22"
"3";"2025-04-03 00:00:00";"18";"B9037SAN";"400.00";NULL;"2025-04-07 03:32:54";"2025-04-07 03:32:54"
"4";"2025-04-08 03:02:00";"17";"B9038BB";"600.00";NULL;"2025-04-08 03:02:39";"2025-04-08 03:02:39"
"5";"2025-04-08 03:16:00";"14";"B9038BB";"500.00";NULL;"2025-04-08 03:16:58";"2025-04-20 03:37:27"
"id";"user_id";"ip_address";"user_agent";"payload";"last_activity"
"oVAnY8X4SJJyWnMoRRL99ztPCD4IYP7zZ9FXtCRZ";"3";"127.0.0.1";"Mozilla/5.0 (Windows NT 10.0; Win64; x64) AppleWebKit/537.36 (KHTML, like Gecko) Chrome/135.0.0.0 Safari/537.36";"YTo0OntzOjY6Il90b2tlbiI7czo0MDoieVkzOWYxS2YzUDE1UE1hSTFLd2RESm9wYXVXb2RPS2VwcUlsSXdkViI7czo5OiJfcHJldmlvdXMiO2E6MTp7czozOiJ1cmwiO3M6MzQ6Imh0dHA6Ly8xMjcuMC4wLjE6ODAwMC9ub21vci1wb2xpc2kiO31zOjY6Il9mbGFzaCI7YToyOntzOjM6Im9sZCI7YTowOnt9czozOiJuZXciO2E6MDp7fX1zOjUwOiJsb2dpbl93ZWJfNTliYTM2YWRkYzJiMmY5NDAxNTgwZjAxNGM3ZjU4ZWE0ZTMwOTg5ZCI7aTozO30=";"1745119094"
"YjMVvAdW7k36s9iST2jscDSLD8CCXv7HicmJTyGT";"3";"127.0.0.1";"Mozilla/5.0 (Windows NT 10.0; Win64; x64) AppleWebKit/537.36 (KHTML, like Gecko) Chrome/135.0.0.0 Safari/537.36";"YTo0OntzOjY6Il90b2tlbiI7czo0MDoiREo4SUdmcW1zeEdhVFdkTzRIMUo4RFI1eTNKT0tiQ0NwYWtUVGViayI7czo2OiJfZmxhc2giO2E6Mjp7czozOiJvbGQiO2E6MDp7fXM6MzoibmV3IjthOjA6e319czo5OiJfcHJldmlvdXMiO2E6MTp7czozOiJ1cmwiO3M6MzM6Imh0dHA6Ly8xMjcuMC4wLjE6ODAwMC9rZWxvbGEtdXNlciI7fXM6NTA6ImxvZ2luX3dlYl81OWJhMzZhZGRjMmIyZjk0MDE1ODBmMDE0YzdmNThlYTRlMzA5ODlkIjtpOjM7fQ==";"1745123607"
"id";"name";"email";"total_deposit";"total_purchases";"deposit_history";"pricing_history";"email_verified_at";"password";"role";"remember_token";"created_at";"updated_at";"harga_per_meter_kubik";"tekanan_keluar";"suhu";"koreksi_meter"
"1";"Test User";"test@example.com";"0.00";"207827059.51";NULL;"[{""date"":""2025-04-01 00:00:00"",""year_month"":""2025-04"",""harga_per_meter_kubik"":2900,""tekanan_keluar"":3,""suhu"":20,""koreksi_meter"":4.07972807}]";"2025-03-12 13:30:45";"$2y$12$zPctpAp8xDCPMMNYhExG.OJlrm/v1OuAY.Gp5VhKVDr3yII3VvCFK";"customer";"OP9VPDuO2P";"2025-03-12 13:30:45";"2025-04-08 05:12:51";"2900.00";"3.000";"20.00";"4.07972807400910"
"2";"Super Administrator";"superadmin@example.com";"0.00";"0.00";NULL;NULL;NULL;"$2y$12$i9AfftwMoerCSLwsqKCGiea4KS0ZcbwaumTvsFnWGsLu2h.k32VPy";"superadmin";NULL;"2025-03-12 13:30:45";"2025-03-12 13:30:45";"0.00";"0.000";"0.00";"1.00000000000000"
"3";"Administrator";"admin@example.com";"0.00";"0.00";NULL;NULL;NULL;"$2y$12$H0GcLLTZK6Eu0FWMmOdTo.utnOZH/Cu2GSVvriYK8CsorC54vlmuG";"admin";NULL;"2025-03-12 13:30:46";"2025-03-12 13:30:46";"0.00";"0.000";"0.00";"1.00000000000000"
"4";"Customer 1";"customer1@example.com";"0.00";"0.00";NULL;NULL;NULL;"$2y$12$C8A8CF1j..AAXPPUI/yOyOUKTJGMTn.RTCijSxgGvlh9b6qnTyf4m";"customer";NULL;"2025-03-12 13:30:46";"2025-03-12 13:30:46";"0.00";"0.000";"0.00";"1.00000000000000"
"5";"Customer 2";"customer2@example.com";"94152715.31";"2107740418800.20";"[{""date"":""2025-03-05 14:04:00"",""amount"":71930493.31,""description"":null},{""date"":""2025-03-18 07:05:00"",""amount"":22222222,""description"":null}]";"[{""date"":""2025-01-01 00:00:00"",""year_month"":""2025-01"",""harga_per_meter_kubik"":9300,""tekanan_keluar"":1,""suhu"":30,""koreksi_meter"":1.97118526},{""date"":""2025-03-01 00:00:00"",""year_month"":""2025-03"",""harga_per_meter_kubik"":9300,""tekanan_keluar"":3,""suhu"":30,""koreksi_meter"":3.94508358}]";NULL;"$2y$12$ven/iFTUTcgfhbs.y4LeSOrcyPJsHbx03a0KTZgh/0DvQ.qKGT/Ve";"customer";NULL;"2025-03-12 13:30:46";"2025-04-09 01:11:24";"9300.00";"3.000";"30.00";"3.94508358311770"
"6";"1111";"111@111";"0.00";"0.00";NULL;NULL;NULL;"$2y$12$jn2XVLGyqkC9zlRErRohJObxLIVGdvhDrT6spcOsdp6zYo0wNWDNq";"admin";NULL;"2025-03-18 03:14:37";"2025-03-18 03:14:37";"0.00";"0.000";"0.00";"1.00000000000000"
"14";"PT Melodi Snack Indonesia";"melodi@mps.com";"225614233.00";"24456601.35";"[{""date"":""2025-04-15 04:03:00"",""amount"":23123123,""description"":null},{""date"":""2025-04-15 04:11:00"",""amount"":22223,""description"":null},{""date"":""2025-04-15 04:11:00"",""amount"":1111,""description"":null},{""date"":""2025-02-14 04:11:00"",""amount"":333333,""description"":null},{""date"":""2025-02-01 04:24:00"",""amount"":2134443,""description"":null},{""date"":""2025-04-01 04:24:00"",""amount"":100000000,""description"":null},{""date"":""2025-01-01 04:41:00"",""amount"":100000000,""description"":null}]";"[{""date"":""2025-03-01 00:00:00"",""year_month"":""2025-03"",""harga_per_meter_kubik"":4000,""tekanan_keluar"":2,""suhu"":20,""koreksi_meter"":3.05707364},{""date"":""2025-02-01 00:00:00"",""year_month"":""2025-02"",""harga_per_meter_kubik"":3000,""tekanan_keluar"":2,""suhu"":20,""koreksi_meter"":3.05707364}]";NULL;"$2y$12$7fQrcXCq3wf9GVQ7IdSCJORsiduA5dfVLJO3wEkau1B5JryF6g6lm";"customer";NULL;"2025-03-18 07:13:24";"2025-04-15 04:42:26";"4000.00";"2.000";"20.00";"3.05707363778060"
"16";"Demo User";"demo@example.com";"5000000.00";"6046650.00";"""[{\""date\"":\""2025-03-27 04:22:37\"",\""amount\"":5000000,\""description\"":\""Initial deposit for demo account\""}]""";"""[{\""date\"":\""2025-03-27 04:22:37\"",\""year_month\"":\""2025-03\"",\""harga_per_meter_kubik\"":5000,\""tekanan_keluar\"":3,\""suhu\"":25,\""koreksi_meter\"":4.0311}]""";NULL;"$2y$12$1.G.eocg64t3xRDrVcJrC.93DdSjwaoVyIz4YMCsx5Yvbmodd9UF.";"demo";NULL;"2025-03-27 04:22:37";"2025-03-27 04:44:12";"5000.00";"3.000";"25.00";"4.03110000000000"
"17";"test fob";"testfob@example.com";"2222.00";"777000.00";"[{""date"":""2025-03-27 09:32:00"",""amount"":2222,""description"":null}]";"[{""date"":""2025-03-01 00:00:00"",""year_month"":""2025-03"",""harga_per_meter_kubik"":555}]";NULL;"$2y$12$IUiOTDwZpHr5S.eiTA25c.ZunCqUaf0sqYeuQBCWSOYxOPtFBVCkS";"fob";NULL;"2025-03-27 06:22:32";"2025-04-08 03:02:39";"555.00";"8.000";"8.00";"9.64880317993000"
"18";"test2";"test2@example.com";"500000.00";"5400000.00";"[{""date"":""2025-03-28 02:19:00"",""amount"":500000,""description"":null}]";"[{""date"":""2025-03-01 00:00:00"",""year_month"":""2025-03"",""harga_per_meter_kubik"":6000}]";NULL;"$2y$12$kGuFa6YsunaKfmBacspuA.VgsNFqpqFFZ5Qy3ASldbT.s2Se/H3hG";"fob";NULL;"2025-03-27 07:16:44";"2025-04-07 01:22:08";"6000.00";"0.000";"0.00";"1.00000000000000"
"19";"test baru";"baru@mps.com";"0.00";"0.00";"""[]""";"""[]""";NULL;"$2y$12$/7bidFGPG.KP0lxL4vP3iuyAhm0AkC/4uQtc0NIMMgFLzak2unZVC";"customer";NULL;"2025-04-20 04:27:05";"2025-04-20 04:27:05";"0.00";NULL;NULL;"1.00000000000000"
